S1A;hyper;1;0.963940095;;;
S1C;Nirm,Ensit;1;0.718834393;1.38;1.36;
S1D;Nirm,Ensit;2;0.777841952;1.74;2.07;
S1E;Nirm,Ensit;3;0.825819533;1.73;1.91;
S1F;hyper;2;0.958478168;1.2;0.87;
S1G;hyper;1;0.965063291;;;
S1H;Nirm,hyper;2;0.959778292;1.72;0.96;
S1I;hyper;1;0.957634724;1.2;1.25;
S1K;hyper;2;0.953431412;1.04;0.84;
S1L;hyper;2;0.976786222;;;
S1M;Ensit,hyper;2;0.942778567;1.36;1.65;
S1N;hyper;1;0.955091222;1.05;0.99;
S1Q;hyper;3;0.962435822;0.86;0.84;
S1R;hyper;1;0.965800295;;;
S1T;hyper;1;0.971484625;;;
S1V;hyper;2;0.965329616;;;
S1W;Nirm,hyper;2;0.963052606;1.57;1.21;
S1Y;hyper;2;0.970027911;1.35;1.27;
G2A;Nirm,Ensit;1;0.168208168;1.67;1.74;
G2C;Nirm,Ensit;1;0.303636493;1.95;1.75;
G2F;Nirm,Ensit;2;0.264774372;1.66;1.61;
G2H;Nirm,Ensit;2;0.4676599;1.56;1.85;
G2I;Nirm,Ensit;2;0.260761659;1.79;1.9;
G2K;Nirm,Ensit;3;0.130506445;1.88;1.93;
G2L;Nirm,Ensit;2;0.150798504;1.77;1.56;
G2M;Nirm,Ensit;3;0.276256868;1.68;1.58;
G2N;Nirm,Ensit;2;0.12529155;2.04;2.03;
G2P;Nirm,Ensit;2;0.036220801;1.65;1.65;
G2Q;Nirm,Ensit;3;0.095257586;2.09;2.08;
G2R;Nirm,Ensit;1;0.187032847;2;1.87;
G2S;Nirm,Ensit;1;0.114776553;1.73;1.73;
G2T;Nirm,Ensit;2;0.159838985;1.85;1.72;
G2V;Nirm,Ensit;1;0.363162866;1.61;1.66;
G2W;Nirm,Ensit;2;0.55462352;1.71;1.62;
G2Y;Nirm,Ensit;2;0.188174542;1.66;1.82;
F3I;Nirm;1;0.363631426;1.51;1.25;
F3L;Nirm;1;0.664442159;1.43;1.1;
F3M;Nirm;2;0.487796934;1.45;1.12;
F3W;Ensit;2;0.37730416;1.25;1.43;
R4H;Nirm,Ensit;3;0.135736418;1.68;1.83;
R4I;Ensit;1;0.702131013;1.19;1.39;
R4L;Nirm,Ensit;2;0.631937605;1.45;1.62;
R4M;Nirm,Ensit;2;0.126678304;1.49;1.66;
R4P;Nirm,Ensit;2;0.251668574;1.74;2.11;
R4Q;Nirm,Ensit;2;0.15622415;1.4;1.82;
R4S;hyper;1;0.958174809;1.38;0.92;
R4V;Ensit,hyper;2;0.927514862;1.2;1.38;
K5F;hyper;3;0.953017145;0.65;0.58;
K5P;Nirm;2;0.652884369;1.52;1.26;
K5Q;Nirm,Ensit;1;0.385117464;1.44;1.58;
K5W;hyper;3;0.960075092;0.99;0.77;
F8Y;hyper;1;0.927663664;1.04;1.03;
G15V;hyper;1;0.9472807;1.01;0.87;
C16S;Ensit;1;0.399714659;1.05;1.36;
V18M;Nirm;2;0.276751216;1.33;1.27;
V18S;Nirm,Ensit;2;0.206715024;1.65;1.54;
V18T;Nirm,Ensit;2;0.535918922;1.33;1.37;
Q19P;Ensit;1;0.405536233;1.08;1.47;
V20C;Nirm,Ensit;3;0.333627542;1.33;1.45;
V20M;Ensit;2;0.264479229;1.24;1.57;
V20T;Nirm,Ensit;2;0.312884067;1.37;1.46;
T21I;hyper;1;0.929487929;1.01;0.94;
T21N;Nirm;1;0.654523889;1.34;1.33;
T21V;hyper;2;0.935339842;1.03;0.91;
C22E;Ensit;3;0.521423205;1.25;1.55;
C22I;hyper;2;0.945634073;0.71;0.82;
C22V;hyper;2;0.930720682;0.85;0.81;
G23E;Nirm;2;0.498977732;1.4;1.32;
G23I;Nirm;2;0.731868834;1.31;1.25;
G23P;Ensit;2;0.102280271;1.27;1.35;
T24I;Nirm;1;0.748108985;1.41;1.16;
T24M;Nirm;2;0.78940878;1.36;1.22;
T25A;Ensit;1;0.840121137;1.19;1.62;
T25C;Ensit;2;0.8065208;0.92;1.36;
T25E;Ensit;3;0.064576217;1.13;2.04;
T25G;Ensit;2;0.767790603;1.01;1.51;
T25H;Ensit;2;0.222358989;1.08;1.85;
T25N;Ensit;1;0.62980769;0.97;1.59;
T25Q;Ensit;3;0.754308314;1.02;1.42;
T25S;Ensit;1;0.717542378;1.02;1.37;
T25W;Ensit;3;0.725737499;1.06;1.36;
T26C;Nirm,Ensit;3;0.847175461;1.32;1.39;
T26D;Ensit;3;0.561483799;1.19;1.35;
T26F;Nirm;3;0.844734687;1.31;1.04;
T26G;Nirm,Ensit;2;0.670510199;1.36;1.54;
W31H;Nirm,Ensit;3;0.460295678;1.41;1.54;
D33C;hyper;2;0.926566149;0.88;0.84;
D33F;hyper;2;0.956630037;0.78;0.68;
D33G;hyper;1;0.925068135;0.92;0.91;
D33H;hyper;1;0.940907405;1.12;0.91;
D33K;hyper;2;0.928010448;0.78;0.74;
D33V;hyper;1;0.950057876;0.61;0.7;
D33Y;hyper;1;0.957146452;1.13;1.05;
D34F;hyper;2;0.924285361;0.77;0.63;
D34G;hyper;1;0.941642213;0.84;0.79;
D34K;hyper;2;0.932435121;0.9;0.77;
D34M;hyper;3;0.947213606;0.94;0.8;
D34N;hyper;1;0.944661002;0.85;0.99;
D34Y;hyper;1;0.932594545;0.8;0.66;
Y37E;Nirm;2;0.80035369;1.37;1.26;
Y37S;Ensit;1;0.735852721;1.28;1.36;
P39C;Ensit;3;0.59269612;0.61;1.36;
C44G;Ensit;1;0.592678895;0.9;1.79;
C44I;Ensit;2;0.654406158;0.95;1.71;
C44L;Ensit;2;0.768436258;0.99;1.69;
C44M;Ensit;3;0.363109482;0.93;1.71;
C44N;Ensit;2;0.352661995;0.78;1.88;
E47H;hyper;2;0.926698444;0.89;0.93;
M49H;Ensit;3;0.500567062;0.93;1.41;
M49I;Ensit;1;0.596511767;0.92;1.51;
M49L;Ensit;1;0.871976402;1.12;2.12;
L50E;Nirm;3;0.91389759;1.31;0.93;
L50F;hyper;1;0.920702607;1.13;1.15;
L50H;hyper;1;0.928641021;0.99;0.8;
L50Q;hyper;2;0.925256955;1.06;0.71;
L50S;hyper;2;0.934074453;0.99;0.74;
L50T;hyper;2;0.924994379;1.07;0.89;
L50Y;hyper;2;0.939897853;1.01;0.92;
P52C;Ensit;2;0.226314234;1.05;1.49;
P52D;Ensit;2;0.283241181;0.97;1.51;
P52E;Ensit;3;0.159351517;1.02;1.51;
P52F;Ensit;2;0.159622087;0.89;1.64;
P52H;Ensit;1;0.238510455;0.95;1.58;
P52I;Ensit;2;0.189690896;1.02;1.54;
P52L;Ensit;1;0.186678201;0.98;1.84;
P52M;Ensit;3;0.386078289;0.91;1.46;
P52N;Ensit;2;0.148883109;0.91;1.76;
P52Q;Ensit;2;0.367684518;0.96;1.49;
P52S;Ensit;1;0.240001139;0.89;1.5;
P52T;Ensit;1;0.363261479;1.06;1.74;
P52V;Ensit;2;0.190467335;0.89;1.47;
P52W;Ensit;3;0.210621386;0.95;1.51;
P52Y;Ensit;2;0.203359208;0.85;1.39;
N53A;Ensit;2;0.793713313;1.11;1.43;
Y54F;Ensit;1;0.580146903;0.97;1.43;
Y54W;Ensit;2;0.612957089;0.89;1.71;
D56W;hyper;3;0.931316901;0.85;0.81;
H64R;Nirm;1;0.74697959;1.51;1.33;
A70C;Ensit;2;0.770187672;1.57;1.64;
A70D;Nirm;1;0.845247441;1.33;1.29;
L75E;Nirm,Ensit;3;0.087956269;1.4;1.36;
L75Q;Nirm;2;0.606209095;1.31;1.22;
V77E;Nirm,Ensit;2;0.15966483;1.33;1.47;
V77K;Ensit;3;0.088208196;1.25;1.39;
V77Q;Ensit;3;0.19279453;1.27;1.38;
G79H;Nirm;3;0.78782478;1.63;1.49;
H80V;Nirm;2;0.828862547;1.34;1.29;
V86N;Ensit;3;0.72145888;1.02;1.5;
K88D;Ensit;2;0.696633962;1.19;1.41;
K88P;Ensit;2;0.287589835;1.26;1.46;
T93W;Ensit;3;0.760778051;1.26;1.36;
A94C;Ensit;2;0.826623494;1.32;1.41;
T98S;Nirm;1;0.655588783;1.37;1.28;
V104E;Nirm;2;0.868873437;1.3;1.2;
I106C;hyper;2;0.920825251;1.05;1.05;
I106T;Ensit;1;0.672253658;1.21;1.4;
P108G;hyper;2;0.922958938;1.13;1.03;
Q110G;hyper;2;0.941981397;1.1;0.99;
F112L;hyper;1;0.921664465;1.04;0.88;
F112M;hyper;2;0.920735582;1.03;1;
S113T;hyper;1;0.94905635;1.12;0.99;
A116C;hyper;2;0.919854511;1.09;1.21;
A116D;Nirm,Ensit;1;0.340145852;1.38;1.37;
A116E;Nirm,Ensit,hyper;2;0.961672902;1.79;1.72;
A116F;Ensit;2;0.229567505;1.28;1.65;
A116I;hyper;2;0.921898745;0.91;1.1;
A116L;Ensit,hyper;2;0.95579575;1.23;1.56;
A116M;Ensit;3;0.906758191;1.28;1.65;
A116Q;Nirm,Ensit;3;0.909353729;1.3;1.47;
A116V;hyper;1;0.965428822;1.25;1.28;
A116Y;Nirm,Ensit;2;0.251691803;1.33;1.67;
N119W;hyper;3;0.936575295;1.21;1.09;
N119Y;hyper;1;0.944364907;1.29;1.11;
S123F;hyper;1;0.957380211;1.2;1.01;
S123L;hyper;2;0.927042139;1.03;1.02;
S123V;hyper;2;0.924598671;0.82;0.91;
S123W;hyper;2;0.944208694;1.26;1.21;
S123Y;Nirm,Ensit;1;0.684318593;1.54;1.42;
G124H;Nirm;2;0.111265173;1.39;1.19;
G124S;Nirm;1;0.642830503;1.49;1.14;
G124Y;Nirm;2;0.512061616;1.3;0.91;
Y126F;hyper;1;0.949912776;1.02;0.94;
Y126L;hyper;2;0.939402309;0.9;0.84;
Y126M;hyper;3;0.94524628;0.91;0.82;
Y126Q;Nirm;2;0.380358699;1.35;0.96;
Q127H;hyper;1;0.948463702;1.28;1.14;
C128F;Ensit;1;0.225103647;1.09;1.47;
C128H;Nirm,Ensit;2;0.415133478;1.65;1.71;
C128L;hyper;2;0.926269812;1.14;1.12;
C128V;hyper;2;0.928735071;1.18;1.12;
C128Y;Nirm,Ensit;1;0.626654977;1.31;1.42;
A129C;hyper;2;0.940899028;1.04;0.93;
M130L;hyper;1;0.928716512;1.01;0.93;
F134M;hyper;2;0.925788466;1.11;1;
I136N;hyper;1;0.928554979;1.21;1.27;
K137H;hyper;2;0.931303316;1.06;1.08;
K137R;hyper;1;0.939224672;0.97;0.91;
S139A;Nirm;1;0.631996154;1.31;1.27;
S139F;Nirm,hyper;2;0.925590205;1.34;1.17;
S139H;Nirm,Ensit;3;0.315630612;1.46;1.56;
S139I;Nirm,Ensit;2;0.507271188;1.43;1.52;
S139L;Nirm,Ensit;1;0.493678516;1.59;1.84;
S139M;Nirm;3;0.895540717;1.38;1.32;
S139N;Nirm,Ensit;3;0.53832679;1.41;1.54;
S139P;Nirm;1;0.610074032;1.85;0.98;
S139Q;Nirm,Ensit;2;0.295114474;1.77;1.6;
S139V;Nirm,Ensit;2;0.613427867;1.46;1.59;
S139W;Nirm,Ensit;2;0.763769942;1.53;1.4;
S139Y;Nirm,Ensit;2;0.877840466;1.41;1.35;
F140M;hyper;2;0.952292025;1.08;1.09;
L141A;hyper;2;0.945778463;1.13;1.18;
L141C;hyper;2;0.941997981;1.17;1.15;
L141D;hyper;2;0.941767778;1.12;1.19;
L141E;hyper;3;0.961291724;1.02;0.9;
L141F;Ensit;1;0.901636953;1.14;1.35;
L141G;Ensit;2;0.909467774;0.98;1.42;
L141H;Ensit,hyper;1;0.953219382;1.2;1.43;
L141I;hyper;1;0.957667715;1.05;1.17;
L141K;hyper;3;0.951575787;1.01;0.94;
L141M;hyper;2;0.953589213;1.25;1.24;
L141N;hyper;2;0.954608855;1.29;1.28;
L141Q;Nirm,hyper;2;0.957681828;1.38;1.13;
L141R;hyper;1;0.966699257;0.95;1.11;
L141S;hyper;2;0.948747884;1.27;1.28;
L141T;hyper;2;0.960162248;0.99;1.04;
L141V;hyper;1;0.939735806;1.29;1.3;
L141Y;Nirm,Ensit;2;0.918251714;1.38;1.63;
N142A;hyper;2;0.946202195;1.03;0.79;
N142G;hyper;2;0.935228601;0.95;0.83;
N142L;hyper;2;0.952987414;1.01;0.57;
N142M;hyper;2;0.953540763;1.1;0.87;
N142P;hyper;2;0.958726117;1.29;1.26;
N142Q;hyper;2;0.930954355;1.07;0.77;
S144G;Ensit;2;0.210100749;1.2;1.94;
F150Y;hyper;1;0.923140783;1.05;1.01;
N151A;hyper;2;0.942176536;1.07;1.11;
N151C;hyper;2;0.953174195;1.12;1.15;
N151E;hyper;2;0.933322424;1;1.18;
N151F;hyper;2;0.962748308;1.16;1.22;
N151G;hyper;2;0.956077208;1.29;1.21;
N151I;hyper;1;0.945139687;1.26;1.15;
N151K;hyper;1;0.942427061;1.05;1.1;
N151L;hyper;2;0.922351923;1.09;1.19;
N151M;Nirm,Ensit,hyper;2;0.95117792;1.3;1.42;
N151Q;hyper;2;0.938202273;1.18;1.15;
N151R;hyper;2;0.954612949;1.13;1.09;
N151S;hyper;1;0.964760779;1.17;1.21;
N151T;Ensit,hyper;1;0.953448479;1.24;1.38;
N151V;hyper;2;0.94290064;1.2;1.21;
N151W;hyper;3;0.958462851;1.09;1.14;
N151Y;hyper;1;0.956844917;1;1.01;
I152L;hyper;1;0.934920499;1.07;1.1;
D155W;Ensit;3;0.376085333;1.22;1.43;
S158F;Nirm,Ensit;1;0.733336146;1.57;1.71;
S158I;hyper;2;0.920291613;1.02;0.95;
S158T;Nirm;1;0.834924731;1.35;1.27;
S158Y;Nirm,Ensit;1;0.707693766;1.48;1.68;
C160G;Nirm,Ensit;1;0.916490204;1.31;1.48;
C160I;hyper;2;0.940986816;1.23;1.14;
C160M;hyper;3;0.931912641;1.02;1.04;
C160N;hyper;2;0.954566567;1.22;1.25;
C160V;hyper;2;0.93476093;1.01;1.02;
M162C;hyper;3;0.929803549;1.1;0.79;
M162T;Ensit,hyper;1;0.940258655;1.13;1.39;
H164C;hyper;2;0.930329764;0.98;1.18;
H164E;Ensit;2;0.704349124;1.13;1.37;
H164T;hyper;2;0.92147506;0.9;0.96;
E166A;Nirm,Ensit;1;0.697954886;1.64;1.85;
E166C;Nirm,Ensit;3;0.394322752;1.81;2.17;
E166G;Nirm,Ensit;1;0.666156819;1.53;1.51;
E166L;Nirm,Ensit;2;0.827654577;1.57;2.1;
E166M;Nirm,Ensit;3;0.55615323;1.66;2.07;
E166Q;Nirm,Ensit;1;0.744861046;1.36;1.58;
E166R;Nirm,Ensit;2;0.60781052;1.82;2.11;
E166V;Nirm,Ensit;1;0.493053344;2;1.82;
L167F;Nirm,Ensit;1;0.042024697;1.33;1.36;
P168C;Nirm,Ensit,hyper;3;0.925683023;1.35;1.35;
P168E;Nirm;2;0.900169811;1.34;1.33;
P168K;Nirm,Ensit;2;0.902426595;1.79;1.96;
P168L;Nirm,Ensit;1;0.77055418;1.43;1.37;
P168M;Nirm,Ensit;3;0.906525124;1.62;1.77;
P168Q;Nirm,Ensit,hyper;1;0.934942884;1.44;1.54;
P168R;Nirm,Ensit;1;0.841195846;1.82;2.15;
P168S;Nirm,hyper;1;0.924406057;1.36;1.31;
P168T;Nirm,Ensit;1;0.914972078;1.42;1.42;
P168V;Nirm,Ensit;2;0.775194448;1.43;1.54;
T169P;hyper;1;0.949651175;1.12;1.27;
G170K;hyper;2;0.932936462;1.13;1.2;
G170R;hyper;1;0.949315782;1.13;1.09;
H172F;Nirm,Ensit;2;0.461798437;1.72;2.01;
H172Y;Nirm,Ensit;1;0.51123673;1.53;1.9;
L177C;Nirm,Ensit;2;0.693953782;1.44;1.5;
L177V;Nirm,Ensit;1;0.736701988;1.48;1.46;
L177Y;Nirm;2;0.913902943;1.4;0.87;
N180F;Nirm,Ensit;2;0.72540193;1.3;1.4;
Q189E;Nirm,Ensit;1;0.854210321;1.41;1.68;
Q189I;Ensit;2;0.12044674;1.1;1.41;
A191Y;hyper;3;0.935957824;1.24;1.34;
A193F;hyper;3;0.928744932;1.07;0.92;
A194V;Ensit;1;0.849744999;1.09;1.35;
A194W;Ensit;3;0.281296003;1.18;1.53;
T196D;Nirm;3;0.795179187;1.4;1.23;
T196P;hyper;1;0.930341895;1.23;1.13;
T198F;hyper;3;0.935133079;1.01;0.99;
T198H;Nirm,Ensit;3;0.866989511;1.57;1.38;
T198Y;hyper;3;0.93852769;1.06;1.01;
T199G;hyper;2;0.943425663;1.05;1.12;
V202W;hyper;3;0.954111297;1.05;0.95;
A206T;Nirm,Ensit;1;0.229734487;1.51;1.48;
W207Y;hyper;2;0.920484347;1.14;1.1;
N214A;Nirm,Ensit;2;0.221244009;1.44;1.49;
N214F;Nirm,Ensit;2;0.195589895;1.5;1.47;
N214G;Nirm,Ensit;2;0.307484283;1.4;1.38;
N214H;Ensit;1;0.666106644;1.22;1.35;
N214R;Nirm,Ensit;2;0.753173429;1.81;1.76;
N214S;Nirm;1;0.356999424;1.3;1.29;
N214T;Nirm;1;0.574817198;1.4;1.29;
N214V;Nirm,Ensit;2;0.547391853;1.33;1.41;
N214W;Nirm,Ensit;3;0.243258955;1.56;1.48;
N214Y;Nirm,Ensit;1;0.183226088;1.72;1.73;
G215H;hyper;3;0.922278654;1.04;1.05;
G215R;hyper;1;0.928147865;0.99;0.98;
R217A;Nirm,Ensit;2;0.846891107;1.48;1.51;
R217Y;Nirm;3;0.85642303;1.34;1.34;
N238L;hyper;2;0.925448208;1.02;0.96;
Y239A;hyper;2;0.947784693;1.17;1.06;
Y239C;hyper;1;0.938352138;1.21;1.06;
Y239G;hyper;2;0.947787769;1.04;1.07;
Y239L;hyper;2;0.936797989;1.08;1.13;
Y239M;hyper;3;0.934530673;1.14;0.98;
Y239S;hyper;1;0.92850831;1.1;1.16;
Y239V;hyper;2;0.930690991;1.18;1.14;
E240I;hyper;2;0.935959429;1.05;0.97;
E240M;hyper;3;0.949906798;1.22;1.11;
E240N;hyper;2;0.929012725;0.93;0.92;
E240Q;Nirm,Ensit;1;0.836975372;1.52;1.57;
E240W;hyper;3;0.93333634;1.17;1.02;
D248F;hyper;2;0.951057802;0.95;0.94;
D248V;hyper;1;0.925156255;0.98;0.97;
D248W;hyper;3;0.939955374;1.24;1.29;
I249G;Ensit;2;0.811649912;0.92;1.38;
P252C;hyper;2;0.923887922;1.14;1.01;
P252F;hyper;2;0.938088499;1.16;1.16;
P252L;hyper;1;0.937149183;1.05;1.08;
P252M;hyper;3;0.921172601;1.06;1.12;
P252V;hyper;2;0.93020233;1.08;1.09;
P252Y;hyper;2;0.944157615;1.1;1.09;
A255W;hyper;3;0.942029101;1.08;1.07;
D263H;hyper;1;0.920953374;1;0.98;
D263S;Nirm;2;0.842313681;1.33;1.17;
A266W;Nirm;3;0.838966631;1.31;1.18;
S267H;Nirm,Ensit;3;0.746759062;1.31;1.48;
L272A;hyper;2;0.92554355;0.99;1;
S284D;Nirm,Ensit,hyper;2;0.939790095;1.37;1.43;
S284N;hyper;1;0.923351338;0.88;0.82;
A285H;Ensit;2;0.26057617;1.1;1.36;
L286P;hyper;2;0.938432552;1.06;1.03;
L287A;hyper;2;0.933299604;1.03;1.04;
L287M;hyper;2;0.932233976;1.04;0.96;
L287P;hyper;2;0.944695893;0.93;1;
L287V;hyper;1;0.934282337;1.14;1.08;
F291C;hyper;1;0.936185705;1.09;0.99;
F291V;hyper;1;0.941181619;1.02;1.02;
P293M;Nirm;3;0.899921778;1.3;1.21;
V296L;Nirm,Ensit;1;0.167803655;1.47;1.49;
R298W;Ensit;2;0.915355143;1.3;1.71;
Q299H;Nirm,Ensit;1;0.13564187;1.79;1.9;
Q299I;Nirm,Ensit;2;0.607063417;1.36;1.37;
Q299L;Nirm,Ensit;1;0.314729045;1.47;1.64;
Q299V;Nirm,Ensit;2;0.1164616;1.39;1.37;
C300H;Ensit;2;0.235170359;1.03;1.35;
C300K;Nirm,Ensit;3;0.24398954;1.78;1.89;
C300L;Ensit;2;0.911374321;1.16;1.39;
C300R;Nirm,Ensit;1;0.181594725;1.64;1.75;
C300W;Nirm,Ensit;1;0.092001474;1.38;1.54;
S301F;Nirm,hyper;2;0.946842496;1.49;1.11;
S301Y;hyper;2;0.931504049;1.16;1;
V303I;Ensit;1;0.760680365;1.27;1.37;
